,Company,Description
0,Scott International,Men's Regular Fit T-Shirt (Pack of 3)
1,EYEBOGLER,Men's T-Shirt
2,EYEBOGLER,Regular Men's Cotton Designer T-Shirt (EB1T67)
3,Van Heusen Athleisure,Men's Solid Regular Fit T-Shirt
4,Jockey,Men's Cotton T-Shirt
5,US Polo Association,Men's Regular fit T-Shirt
6,Chromozome,Men's Cotton T-Shirt
7,Jockey,Mens Short Sleeves V Neck Slim Fit Solid T-Shirt
8,Jockey,Men's Regular Fit T-Shirt
9,Jockey,Men's Cotton T-Shirt
10,Jockey,Men's Cotton T-Shirt
11,Jockey,Men T-Shirt
12,EYEBOGLER,Regular Fit Men's Cotton T-Shirt
13,EYEBOGLER,Men's T-Shirt
14,US Polo Association,Men's Solid Regular Fit Polo
15,SCATCHITE,Combo Pack of 2 Henley Neck Cotton Full Sleeve T-Shirts for Men's & Boy's
16,EYEBOGLER,Regular Fit Men's Cotton T-Shirt (EBT229-NBLM)
17,Leotude,Regular Fit Cotton Men's T-Shirt Combo (Pack of 2)
18,Adidas,Regular Men's T Shirts
19,AWG ALL WEATHER GEAR,Men's Regular Fit Polo T-Shirt
20,Chromozome,Men's Plain Regular Fit T-Shirt (Pack Of 3)
21,BULLMER,Mens Printed Hooded & Round Neck Cotton Tshirt - Pack of 2
22,EYEBOGLER,Band Collar Men's T-Shirt(EBT325 & EBT325HS)
23,Campus Sutra,Solid Men Henley Stylish Casual T-Shirt
24,Dagcros ,Men's Half Sleeve Printed Round Neck Tshirt
25,Scott International,Men's Pack of 3 Biowash Round Neck T-Shirts
26,BULLMER,Men's Regular Fit T-shirt (Set of 3)
27,BULLMER,Men's Slim Fit T-Shirt (Pack of 3)
28,RIGO,Men's Multi-Colour Cotton Sleeveless Slim Fit T-Shirt - Pack of 2
29,ADRO,Men's Regular Fit T-Shirt
30,Jockey,Men's Regular Fit T-Shirt
31,AWG ALL WEATHER GEAR,Men's Polyester Round Neck T-Shirts - Pack of 4
32,Amazon Brand - Symbol,Men's Regular Fit T-Shirt
33,Van Heusen Athleisure,Men's Solid Regular Fit T-Shirt
34,US Polo Association,Men's Classic Fit T-Shirt
35,AWG ALL WEATHER GEAR,Men's Regular Fit T Shirt (Pack of 3)
36,Leotude,Men's Cotton Half Sleeve T-Shirt with Camouflage Army Style Print
37,Amazon Brand - Symbol,Men's Regular fit T-Shirt
38,Van Heusen,Men's Regular Fit T-Shirt
39,Jockey,Men's Cotton T-Shirt
40,Amazon Brand - House & Shields,Men's Regular Fit T-Shirt
41,US Polo Association,Men's Striped Regular fit T-Shirt
42,Try This,Men's T-Shirt
43,Jockey,Mens Short Sleeves V Neck Slim Fit Solid T-Shirt
44,Puma,Men's Regular T-Shirt
45,AWG ALL WEATHER GEAR,Men's Polyester Round Neck T-Shirts - Pack of 3
46,Urbano Plus,Men's Solid Mandarin Collar Regular Fit Cotton T-Shirt
47,AWG ALL WEATHER GEAR,Men's Polyester Round Neck T-Shirts - Pack of 3
48,EYEBOGLER,Henley Neck Regular Men's Fit Combo T-Shirts Pack of 2 (COMBO-T3-NMWM)
49,AWG ALL WEATHER GEAR,Men's Polyester Round Neck T-Shirts - Pack of 2
50,Red Tape,Men's Classic T-Shirt
51,Bigbanana,Plus Size Men's Round Neck T-Shirt
52,Leotude,Regular Fit Half Sleeve T Shirt for Men
53,US Polo Association,Men's Regular T-Shirt
54,Amazon Brand - Symbol,Men's Solid Regular Fit Half Sleeve Cotton T-Shirt (Combo Pack of 5)
55,AWG ALL WEATHER GEAR,Men's Polyester Round Neck T-Shirts - Pack of 3
56,Leotude,Men's Regular Fit Cotton T Shirt Combo Pack of 2 (Color : Multi)
57,Puma,Men's Regular T-Shirt
58,Monte Carlo,Men's Regular fit T-Shirt
59,Leotude,Men's Regular Fit T-shirt (Pack of 3)
60,EYEBOGLER,Men's T-Shirt
61,United Colors of Benetton,Men's Regular T-Shirt (20P3096J3915I_Navy Blue XL)
62,US Polo Association,Men's Slim T-Shirt
63,RIGO,Men's Multi-Coloured Cotton Sleeveless Slim Fit T-Shirt - Pack of 2
64,Max,Men's Slim T-Shirt
65,Jockey,Men's Cotton T-Shirt
66,Jockey,Men's Cotton T-Shirt
67,The Souled Store,Captain America: Mjolnir Mens and Womens Graphic Printed Cotton T-Shirt Blue
68,Luke and Lilly,Boys Cut and Sew Half Sleeve Cotton Tshirts_(Pack of 2)
69,AWG ALL WEATHER GEAR,Men's Polyester Round Neck T-Shirts - Pack of 3
70,Levi's,Levi’s Men’s Ultra-Soft Cotton 300 LS Classic Round Neck T-Shirts (Pack of 2)
71,Van Heusen,Men's Regular fit T-Shirt
72,BULLMER,Men's Slim Fit T-Shirt (Pack of 3)
73,Van Heusen Athleisure,Men's Printed Regular fit T-Shirt
74,Maniac,Men's Slim Fit T-Shirt
75,fanideaz,Men's Regular Fit Polos
76,BULLMER,Men's Slim T Shirt (Pack of 3)
77,SCATCHITE,Stylish Pack of 3 Round Neck Half Sleeve Casual T-Shirts for Men's & Boy's
78,Amazon Brand - Symbol,Men's Regular Fit T-Shirt
79,Kuchipoo,Baby Boys' & Baby Girls' T-Shirt (Pack of 5)
80,Kuchipoo,Boys Cotton T-Shirt - Combo of 5 (KUC-TSHRT-126)
81,US Polo Association,Men's Regular fit T-Shirt
82,Jockey,Men T-Shirt
83,Duke,Black Coloured Mens T-Shirt
84,Amazon Brand - Symbol,Men's Regular Fit T-Shirt
85,US Polo Association,Men's Striped Regular fit T-Shirt
86,US Polo Association,Men's Printed Regular fit T-Shirt
87,AWG ALL WEATHER GEAR,Men's Regular Fit T Shirt (Pack of 3)
88,US Polo Association,Men's Regular fit T-Shirt
89,BASE 41,Men's Regular Fit T-Shirt (Pack of 3)
90,Campus Sutra,Self Design Men Mandarin Collar Grey Sports T-Shirt
91,Leotude,Men's Regular Fit Polo Multi Color T-Shirt (Pack of 2)
92,Jockey,Men T-Shirt
93,Reebok,Regular Men's T Shirts
94,Adidas,Regular Men's T Shirts
95,Amazon Brand - Symbol,Men's Regular Fit T-Shirt
96,Red Tape,Men's Classic T-Shirt
97,Levi's,Men's Regular fit T-Shirt
98,EYEBOGLER,Men's T-Shirt
99,fanideaz,Men’s Cotton Half Sleeve Mandarin Chinese Collar T Shirts for Men
100,US Polo Association,Men's Solid Regular T-Shirt (UDTSH0369_Multicolor Medium)
101,AWG ALL WEATHER GEAR,Men's Regular Fit T Shirt (Pack of 3)
102,Kiddeo,Girls' T-Shirt (Pack of 5)
103,Levi's,Men's Regular fit T-Shirt
104,Leotude,Regular Fit Full Sleeve Tshirt for Men Combo
105,US Polo Association,Men's Regular fit T-Shirt
106,BASE 41,Men's Regular Fit T-Shirt (Pack of 3)
107,Campus Sutra,Self Design Men Mandarin Collar Grey Sports T-Shirt
108,Leotude,Men's Regular Fit Polo Multi Color T-Shirt (Pack of 2)
109,Jockey,Men T-Shirt
110,Macroman M-Series,Men's V-Neck T-Shirt
111,Reebok,Regular Men's T Shirts
112,Adidas,Regular Men's T Shirts
113,Celsius,Men's Half Sleev Round Neck Slim Fit Combo#2A T-Shirt (Pack of 3)
114,Amazon Brand - Symbol,Men's Regular Fit T-Shirt
115,Amazon Brand - Symactive,Men's Regular Fit T-Shirt
116,Red Tape,Men's Classic T-Shirt
117,Levi's,Men's Regular fit T-Shirt
118,EYEBOGLER,Men's T-Shirt
119,fanideaz,Men’s Cotton Half Sleeve Mandarin Chinese Collar T Shirts for Men
120,US Polo Association,Men's Solid Regular T-Shirt (UDTSH0369_Multicolor Medium)
121,AWG ALL WEATHER GEAR,Men's Regular Fit T Shirt (Pack of 3)
122,Kiddeo,Girls' T-Shirt (Pack of 5)
123,Duke,Men's T-Shirt
124,Levi's,Men's Regular fit T-Shirt
125,Leotude,Regular Fit Full Sleeve Tshirt for Men Combo
126,Duke,Moon Mist Coloured Mens T-Shirt
127,Jockey,Men's Regular fit T-Shirt
128,Adidas,Men's Regular Fit T-Shirt
129,KILLER,Men's Relaxed T-Shirt
130,Amazon Brand - Eden & Ivy,Women's Relaxed T-Shirt
131,BULLMER,Men's Regular Fit T-Shirt (Pack of 3)
132,Van Heusen,Men's Regular fit T-Shirt
133,AWG ALL WEATHER GEAR,Men's Polyester Round Neck T-Shirts - Pack of 3
134,Diverse,Regular Men's Tshirt
135,Fabricorn,Combo of Plain Color Stylish Up and Down Cotton Tshirt for Women
136,Reebok,Men's Regular T-Shirt
137,Jockey,Men's Regular fit T-Shirt
138,SCATCHITE,Stylish Pack of 3 Round Neck Half Sleeve Printed Casual T-Shirts for Men's & Boy's
139,EYEBOGLER,Men's Solid Regular Fit T-Shirt
140,AMERICAN CREW,Men's Regular Fit T-Shirt
141,Wrath,Men's Regular Fit T-Shirt
142,Jockey,Men's Regular fit T-Shirt
143,Fenoix,Men's Regular Fit T-Shirt
144,BULLMER,Men's Regular Fit T-Shirts (Pack of 3)
145,SCATCHITE,"Mandarin Collar Full Sleeve Casual T-Shirts for Men's & Boy's, Pack of 3"
146,Amazon Brand - Symbol,Men's Regular Fit T-Shirt
147,Leotude,Men's Regular Fit Sleeveless T-Shirt
148,Max,Boy's Regular T-Shirt
149,Puma,Men's Regular T-Shirt
150,Jack & Jones,Men's Regular fit T-Shirt
151,PAUSE,Men's Slim Fit T-Shirt
152,SMAN,"Men's Polo T-Shirt Regular fit, Polyester, Half Sleeve, with Pocket Combo Pack of 2 | Maroon, Navy-Blue |"
153,Reebok,Men's Regular T-Shirt
154,Jockey,Men's Regular fit T-Shirt
155,SCATCHITE,Stylish Pack of 3 Round Neck Half Sleeve Printed Casual T-Shirts for Men's & Boy's
156,EYEBOGLER,Men's Solid Regular Fit T-Shirt
157,AMERICAN CREW,Men's Regular Fit T-Shirt
158,Wrath,Men's Regular Fit T-Shirt
159,Jockey,Men's Regular fit T-Shirt
160,Adidas,Men's Regular T-Shirt
161,Fenoix,Men's Regular Fit T-Shirt
162,BULLMER,Men's Regular Fit T-Shirts (Pack of 3)
163,SCATCHITE,"Mandarin Collar Full Sleeve Casual T-Shirts for Men's & Boy's, Pack of 3"
164,Amazon Brand - Symbol,Men's Regular Fit T-Shirt
165,Leotude,Men's Regular Fit Sleeveless T-Shirt
166,Max,Boy's Regular T-Shirt
167,Puma,Men's Regular T-Shirt
168,Jack & Jones,Men's Regular fit T-Shirt
169,PAUSE,Men's Slim Fit T-Shirt
170,SMAN,"Men's Polo T-Shirt Regular fit, Polyester, Half Sleeve, with Pocket Combo Pack of 2 | Maroon, Navy-Blue |"
171,ACTIQUE,Men's Regular Fit T-Shirt(Pack of 4)
172,HELLCAT,Boy's T-shirt (Set of 3)
173,Jockey,Mens Round Neck Printed T-Shirt (Grey_Large)
174,Integriti,Men's Slim T-Shirt (Pack of 3) (INT-TRI-101_Multicolour XL)
175,KIPA,Stylish Mens and Boys Casual wear Dry Fit Plain Round Neck T-Shirt
176,CUSTOMSCART,Men's Solid Regular Fit Cotton T-Shirt (Combo Pack of 5) L Size (40) Design or Texture Vary depending on Stock availablity
177,Amazon Brand - Symbol,Men's Regular fit T-Shirt
178,AWG ALL WEATHER GEAR,Men's Regular Fit T Shirt (Pack of 6)
179,Duke,Navy Coloured Mens T-Shirt
180,US Polo Association,Men's Slim T-Shirt
181,US Polo Association,Men's Slim T-Shirt
182,Duke,Women's T-Shirts
183,US Polo Association,Men's Regular T-Shirt
184,Wear Your Opinion,Men's Plus Size Cotton T-Shirt
185,US Polo Association,U.S. Polo Assn. Men's Solid Regular Fit T-Shirt 8907797002526 (I643-002-PL_Black_Black_XXL)
186,Reebok,Regular Men's T Shirts
187,Jockey,Men's Regular Fit T-Shirt
188,US Polo Association,Men's Plain Regular fit T-Shirt (I633-010-PL-XXL_Grey Melange XX-Large)
189,AWG ALL WEATHER GEAR,Men's Polyester Round Neck T-Shirts - Pack of 3
190,Jockey,Men's Striped Regular fit T-Shirt (IM04-103_True Navy L)
191,ACTIQUE,N104 Men T-Shirt (N104M3_P$_Pack of 3)
192,Red Tape,Men's Solid Regular Fit Polo
193,US Polo Association,Men's Regular Fit Pyjama Top
194,US Polo Association,Men's Solid Regular Fit T-Shirt
195,Van Heusen,Men's Regular fit T-Shirt
196,T2F,Women's Regular fit T-Shirt (Pack of 2)
197,Van Heusen Athleisure,Men's Solid Regular Fit T-Shirt
198,Van Heusen,Men's Regular fit T-Shirt
199,BULLMER,Men's Slim Fit T-shirt (Set of 3)
200,Duke,Men's Slim fit T-Shirt
201,AWG ALL WEATHER GEAR,Men's Polyester Round Neck T-Shirts - Pack of 3
202,Amazon Brand - Symactive,Men's Regular Fit T-Shirt
203,Amazon Brand - House & Shields,Men's Solid Regular Fit T-Shirt
204,Wrangler,Men's Printed Regular fit T-Shirt
205,Park Avenue,Men's Plain Regular fit T-Shirt
206,Van Heusen Athleisure,Athleisure Men's Round Neck Cotton T-Shirt
207,HELLCAT,Boy's T-shirt (Set of 3)
208,Van Heusen,Men T-Shirt
209,US Polo Association,Men's Regular fit T-Shirt
210,Wear Your Opinion,Men's Camouflage Army Plus Size Tshirt
211,HELLCAT,Boy's T-shirt (Set of 3)
212,Celsius,Men's Half Sleev Round Neck Slim Fit Combo #58 T-Shirt (Pack of 3)
213,EYEBOGLER,Solid Men's Shawl Collar Regular Fit T-Shirt
214,Ek Rag,Tie N dye T-Shirt Unisex 100% Cotton Round Neck Unisex Regular fit t-Shirt Super Soft for Women for Men Latest Collection Mix Color tie and dye
215,US Polo Association,Men's Regular fit T-Shirt
216,PAUSE,Solid Henley Neck Slim Fit Sleeveless Men's T-Shirt
217,BULLMER,Men's Slim Fit T-Shirt (Pack of 3)
218,Kuchipoo,Girl's T-Shirt (Pack of 5)
219,fasla,Printed Round Neck Cotton Tshirt for Boys (Pack of 3 Multi Colored)
220,US Polo Association,Men's Solid Regular fit T-Shirt
221,Lee Cooper,Men's Regular fit T-Shirt
222,Peter England,Men's Slim fit T-Shirt
223,Red Tape,Men's Classic T-Shirt
224,Duke,Denim Blue Mel. Coloured Mens T-Shirt
225,Leotude,Regular Fit Matty Polo T-Shirt for Men (Color: Multi)
226,Spykar,Men's Slim T-Shirt
227,Red Tape,Men's Regular fit T-Shirt
228,GESPO,Men's Regular Fit T-Shirt
229,US Polo Association,Men's Regular T-Shirt
230,VIMAL JONNEY,Men's Printed Round Neck Tshirt
231,US Polo Association,Men's Slim T-Shirt
232,JOSH DANIEL,"Plus Size Solid Men's Cotton Half Sleeve Round Neck, Black, Navy Blue, Charcoal Grey, T-Shirts Combo (Pack of 3)"
233,Kuchipoo,Girls Cotton T-Shirt - Combo of 5 (KUC-TSHRT-146)
234,Generic,SQ Exports Couple Combo Half Sleeves King Queen Design Cotton T-Shirts
235,pluss,Men's Regular fit T-Shirt
236,Amazon Brand - Symbol,Men's Regular fit T-Shirt
237,AMERICAN CREW,Men's Regular Fit Polos
238,STATUS MANTRA,Full Sleeves Cotton Printed Regular Tshirt | Full Sleeves Tees | Printed Full Sleeves
239,KIPA,Twin Tone Mens and Boys Casual Wear Dry Fit Brick Knit Sporty Round Neck T-Shirt
240,T2F,Boy's Regular Fit T-Shirt
241,AELOMART,Men's Cotton T-Shirt
242,MIDAAS,Women's T-Shirt (Pack of 2)
243,BASE 41,Men's Regular Fit T-Shirt(Pack of 2)
244,US Polo Association,Men's Printed Regular fit T-Shirt
245,AMERICAN CREW,Men's Regular Fit Light Weight Sports Polyester T-Shirt (Pack of 2 V-Neck Tshirts for Men)
246,F GALLERY,Men's Slim Fit T-Shirt
247,US Polo Association,Men's Solid Regular fit T-Shirt
248,Integriti,Men's Slim T-Shirt (Pack of 3) (INT-TRI-102_Multicolour XXL)
